title,url,normalized_url,date_discovered,source
Canfield Lithium V3 Review: Long Travel Without the Lethargy,https://www.pinkbike.com/news/review-canfield-lithium-v3.html,https://www.pinkbike.com/news/review-canfield-lithium-v3.html,2026-06-29,pinkbike_reviews_tag
Review: 2026 Propain Tyee Trail - Does Less Travel Really Make a Difference?,https://www.pinkbike.com/news/review-propain-tyee-trail-does-less-travel-really-make-a-difference.html,https://www.pinkbike.com/news/review-propain-tyee-trail-does-less-travel-really-make-a-difference.html,2026-06-29,pinkbike_reviews_tag
Review: One Year With the High-Pivot Canyon Sender CFR DH Bike - Fast & Refined,https://www.pinkbike.com/news/review-one-year-with-the-new-high-pivot-canyon-sender-cfr.html,https://www.pinkbike.com/news/review-one-year-with-the-new-high-pivot-canyon-sender-cfr.html,2026-06-29,pinkbike_reviews_tag
"Review: Shimano XT 8220 Brakes - More Consistency, Same Value",https://www.pinkbike.com/news/review-shimano-xt-8220-brakes.html,https://www.pinkbike.com/news/review-shimano-xt-8220-brakes.html,2026-06-29,pinkbike_reviews_tag
Review: Sidi Dominator X Shoes - A Tougher Take on XC Footwear,https://www.pinkbike.com/news/review-sidi-dominator-x-a-tougher-take-on-xc-footwear.html,https://www.pinkbike.com/news/review-sidi-dominator-x-a-tougher-take-on-xc-footwear.html,2026-06-29,pinkbike_reviews_tag
Review: Sour Bicycles Double Choc - Exotic Normal,https://www.pinkbike.com/news/review-sour-bicycles-double-choc-exotic-normal.html,https://www.pinkbike.com/news/review-sour-bicycles-double-choc-exotic-normal.html,2026-06-29,pinkbike_reviews_tag
"Review: The EXT Vaia USD Fork is Extra Adjustable, But Lacks Consistency",https://www.pinkbike.com/news/review-ext-vaia-extra-adjustable-usd-fork.html,https://www.pinkbike.com/news/review-ext-vaia-extra-adjustable-usd-fork.html,2026-06-29,pinkbike_reviews_tag
Review: The Forbidden Reya Throws Conventional XC Geometry Out the Window,https://www.pinkbike.com/news/review-forbidden-reya-throws-conventional-xc-geometry-out-the-window.html,https://www.pinkbike.com/news/review-forbidden-reya-throws-conventional-xc-geometry-out-the-window.html,2026-06-29,pinkbike_reviews_tag
Chromag Throwdown Review: Too Slack or Just Right?,https://www.pinkbike.com/news/review-the-chromag-throwdown-laughs-in-the-face-of-danger.html,https://www.pinkbike.com/news/review-the-chromag-throwdown-laughs-in-the-face-of-danger.html,2026-07-07,pinkbike_reviews_tag
5 eMTB Motors Ridden & Rated for 2025: Bosch vs DJI vs Shimano vs SRAM vs Specialized,https://www.pinkbike.com/news/5-emtb-motors-review-bosch-dji-shimano-sram-specialized-2025.html,https://www.pinkbike.com/news/5-emtb-motors-review-bosch-dji-shimano-sram-specialized-2025.html,,existing_review_links_csv
6D ATB-3: A $769 DH Helmet That Can Be Repaired After a Crash (Sometimes),https://www.pinkbike.com/news/review-the-6d-atb-3-full-face-has-a-rebuildable-feature.html,https://www.pinkbike.com/news/review-the-6d-atb-3-full-face-has-a-rebuildable-feature.html,,existing_review_links_csv
Allied Fitz Review: The XC Rider's Trail Bike?,https://www.pinkbike.com/news/allied-fitz-review-the-xc-riders-trail-bike.html,https://www.pinkbike.com/news/allied-fitz-review-the-xc-riders-trail-bike.html,,existing_review_links_csv
Can MTB Brakes Stop a Honda Fit? We Tested 10 Four-Piston MTB Brakes,https://www.pinkbike.com/news/the-big-brake-test-10-of-the-best-four-piston-mtb-brakes-2026.html,https://www.pinkbike.com/news/the-big-brake-test-10-of-the-best-four-piston-mtb-brakes-2026.html,,existing_review_links_csv
"Check Out: Lighter, Grippy Tires, Wet-Weather Gear, Coffee in a Tube, & More",https://www.pinkbike.com/news/check-out-lighter-grippy-tires-wet-weather-gear-coffee-in-a-tube-and-more.html,https://www.pinkbike.com/news/check-out-lighter-grippy-tires-wet-weather-gear-coffee-in-a-tube-and-more.html,,existing_review_links_csv
"Check Out: Magnetic Glasses, Tacky Grips, Handguards, Protection From YT, & More",https://www.pinkbike.com/news/check-out-magnetic-glasses-tacky-grips-handguards-protection-from-yt-and-more.html,https://www.pinkbike.com/news/check-out-magnetic-glasses-tacky-grips-handguards-protection-from-yt-and-more.html,,existing_review_links_csv
DH Field Test: Intense M1 - For Your Gnarliest Trails,https://www.pinkbike.com/news/review-intense-m1-DH-field-test.html,https://www.pinkbike.com/news/review-intense-m1-DH-field-test.html,,existing_review_links_csv
Field Test Bonus: Can We Unlock the Rocky Mountain Instinct's Potential?,https://www.pinkbike.com/news/field-test-bonus-can-we-release-the-rockys-potential.html,https://www.pinkbike.com/news/field-test-bonus-can-we-release-the-rockys-potential.html,,existing_review_links_csv
Field Test Review: 2023 Unno Burn - You Know You're Curious,https://www.pinkbike.com/news/field-test-unno-burn-yunno-youre-curious.html,https://www.pinkbike.com/news/field-test-unno-burn-yunno-youre-curious.html,,existing_review_links_csv
Field Test Review: 2024 Commencal Meta 5 SX - Supercross for a Reason,https://www.pinkbike.com/news/field-test-commencal-meta-5-sx-supercross-for-a-reason.html,https://www.pinkbike.com/news/field-test-commencal-meta-5-sx-supercross-for-a-reason.html,,existing_review_links_csv
Field Test Review: 2025 Specialized Stumpjumper 15 Alloy,https://www.pinkbike.com/news/field-test-review--2025-specialized-stumpjumper-15-alloy.html,https://www.pinkbike.com/news/field-test-review--2025-specialized-stumpjumper-15-alloy.html,,existing_review_links_csv
Field Test: Rocky Mountain Instinct - Geometry Vs. Suspension?,https://www.pinkbike.com/news/field-test-rocky-mountain-instinct-geometry-vs-suspension-2025.html,https://www.pinkbike.com/news/field-test-rocky-mountain-instinct-geometry-vs-suspension-2025.html,,existing_review_links_csv
"Field Test: Spot Mayhem 140 - Conservative Geo, Liberal Amounts of Fun",https://www.pinkbike.com/news/field-test-spot-mayhem-conservative-geo-liberal-fun.html,https://www.pinkbike.com/news/field-test-spot-mayhem-conservative-geo-liberal-fun.html,,existing_review_links_csv
First Ride: 2025 Rocky Mountain Element,https://www.pinkbike.com/news/first-ride-2025-rocky-mountain-element.html,https://www.pinkbike.com/news/first-ride-2025-rocky-mountain-element.html,,existing_review_links_csv
First Ride: Auckland Cycle Works Marra Prototype with KOLARP Suspension,https://www.pinkbike.com/news/first-ride-auckland-cycle-works-marra-with-kolarp-suspension.html,https://www.pinkbike.com/news/first-ride-auckland-cycle-works-marra-with-kolarp-suspension.html,,existing_review_links_csv
First Ride: Formula's New Josh Bryceland Edition Selva Fork,https://www.pinkbike.com/news/first-ride-formulas-new-josh-bryceland-edition-selva-fork.html,https://www.pinkbike.com/news/first-ride-formulas-new-josh-bryceland-edition-selva-fork.html,,existing_review_links_csv
First Ride: Revel Rascal V2,https://www.pinkbike.com/news/first-ride-revel-rascal-v2.html,https://www.pinkbike.com/news/first-ride-revel-rascal-v2.html,,existing_review_links_csv
"FlexStab Review: A Handlebar With Ball-Jointed, Floating Grips",https://www.pinkbike.com/news/review-level-of-future-flexstab-bar-float-for-hands.html,https://www.pinkbike.com/news/review-level-of-future-flexstab-bar-float-for-hands.html,,existing_review_links_csv
Hayes Dominion A4 Brake Review: Ultra-Light Lever Action and Plenty of Power,https://www.pinkbike.com/news/review-hayes-dominion-a4-big-bad-brake-test.html,https://www.pinkbike.com/news/review-hayes-dominion-a4-big-bad-brake-test.html,,existing_review_links_csv
Head to Head Review: 2025 RockShox Zeb vs Fox 38,https://www.pinkbike.com/news/review-rockshox-zeb-vs-fox-38-2025.html,https://www.pinkbike.com/news/review-rockshox-zeb-vs-fox-38-2025.html,,existing_review_links_csv
Intrusive Thoughts: The Hudski Dualist - Is This a Mountain Bike?,https://www.pinkbike.com/news/intrusive-thoughts-the-hudski-dualist-is-this-a-mountain-bike.html,https://www.pinkbike.com/news/intrusive-thoughts-the-hudski-dualist-is-this-a-mountain-bike.html,,existing_review_links_csv
"Lewis LHP+ U4 Brake Review: All Bark, No Bite?",https://www.pinkbike.com/news/review-lewis-lhp-u4-big-brake-test.html,https://www.pinkbike.com/news/review-lewis-lhp-u4-big-brake-test.html,,existing_review_links_csv
"Magura Gustav Brake Review: Plenty of Power, It's Just Not Immediately Available",https://www.pinkbike.com/news/review-magura-gustav-big-brake-test.html,https://www.pinkbike.com/news/review-magura-gustav-big-brake-test.html,,existing_review_links_csv
Propain Sresh SL Review: A Mid-Power eMTB That Doesn’t Ride Like a Tank,https://www.pinkbike.com/news/review-propain-sresh-mid-power-emtb-2026.html,https://www.pinkbike.com/news/review-propain-sresh-mid-power-emtb-2026.html,,existing_review_links_csv
Review: 10 Months With Shimano's GE9 Gravity Shoes,https://www.pinkbike.com/news/review-shimano-ge9-gravity-shoes.html,https://www.pinkbike.com/news/review-shimano-ge9-gravity-shoes.html,,existing_review_links_csv
Review: 1Up Super Duty Hitch Rack,https://www.pinkbike.com/news/review-1up-super-duty-hitch-rack.html,https://www.pinkbike.com/news/review-1up-super-duty-hitch-rack.html,,existing_review_links_csv
Review: 2023 Orbea Oiz M-Pro - Don't Call it Downcountry,https://www.pinkbike.com/news/review-orbea-oiz-m-pro-dont-call-it-downcountry-2023.html,https://www.pinkbike.com/news/review-orbea-oiz-m-pro-dont-call-it-downcountry-2023.html,,existing_review_links_csv
Review: 2023 Propain Tyee CF,https://www.pinkbike.com/news/review-propain-tyee-cf-2023.html,https://www.pinkbike.com/news/review-propain-tyee-cf-2023.html,,existing_review_links_csv
Review: 2023 Transition Smuggler - The Little Ripper,https://www.pinkbike.com/news/review-transition-smuggler-2023.html,https://www.pinkbike.com/news/review-transition-smuggler-2023.html,,existing_review_links_csv
Review: 2024 Fox Float Factory Shock,https://www.pinkbike.com/news/review-fox-float-shock-2024.html,https://www.pinkbike.com/news/review-fox-float-shock-2024.html,,existing_review_links_csv
"Review: 2024 Norco Optic - High Pivot, Short Travel",https://www.pinkbike.com/news/review-2024-norco-optic-high-pivot-short-travel.html,https://www.pinkbike.com/news/review-2024-norco-optic-high-pivot-short-travel.html,,existing_review_links_csv
Review: 2024 Norco Sight - For All the Mountains,https://www.pinkbike.com/news/review-2024-norco-sight-for-all-the-mountains.html,https://www.pinkbike.com/news/review-2024-norco-sight-for-all-the-mountains.html,,existing_review_links_csv
Review: 2024 Orbea Occam LT - Modernly Convenient,https://www.pinkbike.com/news/review-2024-orbea-occam-lt.html,https://www.pinkbike.com/news/review-2024-orbea-occam-lt.html,,existing_review_links_csv
Review: 2024 Orbea Rallon - Enduro-er Than Ever,https://www.pinkbike.com/news/review-2024-orbea-rallon-enduro-er-than-ever.html,https://www.pinkbike.com/news/review-2024-orbea-rallon-enduro-er-than-ever.html,,existing_review_links_csv
Review: 2024 YT Jeffsy Core 4 - A Good Friend,https://www.pinkbike.com/news/review-2024-yt-jeffsy-core-4.html,https://www.pinkbike.com/news/review-2024-yt-jeffsy-core-4.html,,existing_review_links_csv
Review: 2025 Forestal Siryon - Balanced Handling With Some Practical Pitfalls,https://www.pinkbike.com/news/review-forestal-siryon.html,https://www.pinkbike.com/news/review-forestal-siryon.html,,existing_review_links_csv
"Review: 2025 Knolly Warden - Pushing the Limits of Long, Low, & Slack",https://www.pinkbike.com/news/review-knolly-warden-2025.html,https://www.pinkbike.com/news/review-knolly-warden-2025.html,,existing_review_links_csv
Review: 2025 Kona Hei Hei G10,https://www.pinkbike.com/news/review-kona-hei-hei-g10.html,https://www.pinkbike.com/news/review-kona-hei-hei-g10.html,,existing_review_links_csv
Review: 2025 Santa Cruz Bullit eMTB,https://www.pinkbike.com/news/review-santa-cruz-bullit-2025.html,https://www.pinkbike.com/news/review-santa-cruz-bullit-2025.html,,existing_review_links_csv
Review: 2025 Trek Top Fuel - More Capable & Adaptable Than Ever,https://www.pinkbike.com/news/review-2025-trek-top-fuel-more-capable-and-adaptable-than-ever.html,https://www.pinkbike.com/news/review-2025-trek-top-fuel-more-capable-and-adaptable-than-ever.html,,existing_review_links_csv
Review: 2026 Devinci Spartan - A Canadian-Made Aluminum Beast,https://www.pinkbike.com/news/review-2026-devinci-spartan-the-canadian-made-beast.html,https://www.pinkbike.com/news/review-2026-devinci-spartan-the-canadian-made-beast.html,,existing_review_links_csv
Review: 2026 Trek Fuel LX / MX - The Secret Menu Option,https://www.pinkbike.com/news/review-2026-trek-fuel-lx--mx-the-secret-menu-option.html,https://www.pinkbike.com/news/review-2026-trek-fuel-lx--mx-the-secret-menu-option.html,,existing_review_links_csv
"Review: 3 of the Latest Burly Tailgate Pads from Dakine, Fox, & Send It",https://www.pinkbike.com/news/review-3-of-the-latest-burly-tailgate-pads-fox-dakine-send-it.html,https://www.pinkbike.com/news/review-3-of-the-latest-burly-tailgate-pads-fox-dakine-send-it.html,,existing_review_links_csv
Review: 5 Anti-Kickback / Chainslap Devices Ridden & Rated,https://www.pinkbike.com/news/group-test-the-top-5-chain-devices-tested-and-ranked.html,https://www.pinkbike.com/news/group-test-the-top-5-chain-devices-tested-and-ranked.html,,existing_review_links_csv
Review: 6 Clipless Trail / DH Mountain Bike Shoes Ridden & Rated,https://www.pinkbike.com/news/review-6-clipless-trailendurodh-shoes-ridden-and-rated.html,https://www.pinkbike.com/news/review-6-clipless-trailendurodh-shoes-ridden-and-rated.html,,existing_review_links_csv
Review: 6 Months Aboard the Specialized Levo SL eMTB,https://www.pinkbike.com/news/review-specialized-levo-sl-6-months-aboard-emtb.html,https://www.pinkbike.com/news/review-specialized-levo-sl-6-months-aboard-emtb.html,,existing_review_links_csv
Review: 6 Months on the New Race Face Era Carbon Wheels,https://www.pinkbike.com/news/review-race-face-era-carbon-wheels.html,https://www.pinkbike.com/news/review-race-face-era-carbon-wheels.html,,existing_review_links_csv
Review: 6 Months with the New DT Swiss 240 DEG Hubs,https://www.pinkbike.com/news/review-6-months-with-the-new-dt-swiss-240-deg-hubs.html,https://www.pinkbike.com/news/review-6-months-with-the-new-dt-swiss-240-deg-hubs.html,,existing_review_links_csv
Review: 6 of the Latest & Greatest Downhill Full-Face Helmets,https://www.pinkbike.com/news/review-6-of-the-latest-and-greatest-downhill-full-face-helmets.html,https://www.pinkbike.com/news/review-6-of-the-latest-and-greatest-downhill-full-face-helmets.html,,existing_review_links_csv
Review: 6D's New Alterra Enduro Full Face Helmet,https://www.pinkbike.com/news/review-6d-alterra-enduro-full-face-helmet.html,https://www.pinkbike.com/news/review-6d-alterra-enduro-full-face-helmet.html,,existing_review_links_csv
Review: 7 of the Best Hydration Vests Ridden & Rated,https://www.pinkbike.com/news/7-of-the-best-hydration-vests-ridden-and-rated.html,https://www.pinkbike.com/news/7-of-the-best-hydration-vests-ridden-and-rated.html,,existing_review_links_csv
Review: 7iDP's New Project 21 Open Face Helmet,https://www.pinkbike.com/news/review-7idp-project-21-open-face-helmet.html,https://www.pinkbike.com/news/review-7idp-project-21-open-face-helmet.html,,existing_review_links_csv
Review: 7mesh's Cache Anorak & Grit Pants,https://www.pinkbike.com/news/review-7mesh-airmap-kit.html,https://www.pinkbike.com/news/review-7mesh-airmap-kit.html,,existing_review_links_csv
Review: After 13 Years Shimano’s Saint Brakes Are Still on Top for Outright Power,https://www.pinkbike.com/news/review-shimano-saint-brakes-maximum-power.html,https://www.pinkbike.com/news/review-shimano-saint-brakes-maximum-power.html,,existing_review_links_csv
Review: Amflow PL Carbon Pro eMTB - Blitzing Trails & Bending Rules,https://www.pinkbike.com/news/review-amflow-pl-carbon-pro-blitzing-trails-and-bending-rules.html,https://www.pinkbike.com/news/review-amflow-pl-carbon-pro-blitzing-trails-and-bending-rules.html,,existing_review_links_csv
Review: Apogee One - Cutting Edge Compliance,https://www.pinkbike.com/news/review-apogee-one-cutting-edge-compliance.html,https://www.pinkbike.com/news/review-apogee-one-cutting-edge-compliance.html,,existing_review_links_csv
Review: Atherton 130.X - The Lugged Carbon Cruiser,https://www.pinkbike.com/news/review-atherton-130x-lugged-carbon-cruiser.html,https://www.pinkbike.com/news/review-atherton-130x-lugged-carbon-cruiser.html,,existing_review_links_csv
Review: Atherton S.170 - All Action Subtraction,https://www.pinkbike.com/news/review-atherton-170-all-action-subtraction.html,https://www.pinkbike.com/news/review-atherton-170-all-action-subtraction.html,,existing_review_links_csv
Review: BMB Reverse Raise Stem - The Stem That Wants to Change Mountain Biking,https://www.pinkbike.com/news/review-bmb-reverse-raise-stem-wants-to-change-mountain-biking.html,https://www.pinkbike.com/news/review-bmb-reverse-raise-stem-wants-to-change-mountain-biking.html,,existing_review_links_csv
Review: BYB Tech Telemetry 2.0 - Using Data Acquisition to Improve Suspension Set Up,https://www.pinkbike.com/news/review-byb-telemetry-2-mtb-data-acquisition.html,https://www.pinkbike.com/news/review-byb-telemetry-2-mtb-data-acquisition.html,,existing_review_links_csv
Review: Berd’s Hawk 30 Wheels Use String Spokes for Impressive Compliance,https://www.pinkbike.com/news/review-berd-hawk-30-wheels-string-spokes-impressive-compliance.html,https://www.pinkbike.com/news/review-berd-hawk-30-wheels-string-spokes-impressive-compliance.html,,existing_review_links_csv
Review: Cane Creek Coil IL Shock,https://www.pinkbike.com/news/review-cane-creek-db-inline-coil-shock-2023.html,https://www.pinkbike.com/news/review-cane-creek-db-inline-coil-shock-2023.html,,existing_review_links_csv
Review: Cane Creek Electric Wings Titanium Cranks,https://www.pinkbike.com/news/review-cane-creek-electric-wings-titanium-cranks.html,https://www.pinkbike.com/news/review-cane-creek-electric-wings-titanium-cranks.html,,existing_review_links_csv
Review: Cane Creek Tigon - The Air Charged Coil Shock,https://www.pinkbike.com/news/review-cane-creek-tigon-the-air-charged-coil-shock.html,https://www.pinkbike.com/news/review-cane-creek-tigon-the-air-charged-coil-shock.html,,existing_review_links_csv
Review: Cane Creek's Free Shock Tuner App,https://www.pinkbike.com/news/review-cane-creek-shock-tuner-app.html,https://www.pinkbike.com/news/review-cane-creek-shock-tuner-app.html,,existing_review_links_csv
Review: Cannondale Habit Carbon LT1,https://www.pinkbike.com/news/review-cannondale-habit-carbon-lt1.html,https://www.pinkbike.com/news/review-cannondale-habit-carbon-lt1.html,,existing_review_links_csv
Review: Cannondale Moterra SL - Full Power Without All the Weight,https://www.pinkbike.com/news/review-cannondale-moterra-full-power-without-all-the-weight.html,https://www.pinkbike.com/news/review-cannondale-moterra-full-power-without-all-the-weight.html,,existing_review_links_csv
"Review: Cannondale's 2025 Scalpel 1 is a Capable, Modern XC Bike",https://www.pinkbike.com/news/review-cannondale-scalpel-1-fast-is-fun.html,https://www.pinkbike.com/news/review-cannondale-scalpel-1-fast-is-fun.html,,existing_review_links_csv
Review: Canyon Lux Trail - Mellow Marathon Machine,https://www.pinkbike.com/news/review-canyon-lux-trail-mellow-marathon-machine.html,https://www.pinkbike.com/news/review-canyon-lux-trail-mellow-marathon-machine.html,,existing_review_links_csv
Review: Canyon's New Tempr CFR Cross-Country Shoes,https://www.pinkbike.com/news/review-canyons-new-tempr-cfr-cross-country-shoes.html,https://www.pinkbike.com/news/review-canyons-new-tempr-cfr-cross-country-shoes.html,,existing_review_links_csv
Review: Chris King's New US-Made MTN30 Aluminum Wheels,https://www.pinkbike.com/news/review-chris-kings-us-made-mtn30-aluminum-wheels.html,https://www.pinkbike.com/news/review-chris-kings-us-made-mtn30-aluminum-wheels.html,,existing_review_links_csv
Review: Chromag Darco - A Very Big Little Bike,https://www.pinkbike.com/news/review-chromag-darco.html,https://www.pinkbike.com/news/review-chromag-darco.html,,existing_review_links_csv
Review: Chromag Seton Pants and Dominion Jersey,https://www.pinkbike.com/news/review-chromag-seton-pants-and-dominion-jersey.html,https://www.pinkbike.com/news/review-chromag-seton-pants-and-dominion-jersey.html,,existing_review_links_csv
Review: Chromag's New Mid-Travel Reazon is a Singletrack Steamroller,https://www.pinkbike.com/news/review-chromag-reazon-the-singletrack-steamroller.html,https://www.pinkbike.com/news/review-chromag-reazon-the-singletrack-steamroller.html,,existing_review_links_csv
Review: Commencal Meta Power SX 400 - A Particular Flavor of eMTB Spice,https://www.pinkbike.com/news/review-commencal-meta-power-sx-400-a-particular-flavor-of-emtb-spice.html,https://www.pinkbike.com/news/review-commencal-meta-power-sx-400-a-particular-flavor-of-emtb-spice.html,,existing_review_links_csv
Review: Commencal's Meta Power SX Signature Packs a Punch for the Price,https://www.pinkbike.com/news/review-commencal-meta-power-sx-signature.html,https://www.pinkbike.com/news/review-commencal-meta-power-sx-signature.html,,existing_review_links_csv
Review: DT Swiss FR 1500 Wheelset,https://www.pinkbike.com/news/review-dt-swiss-fr-1500-wheelset.html,https://www.pinkbike.com/news/review-dt-swiss-fr-1500-wheelset.html,,existing_review_links_csv
Review: DVO Topaz X - Shock Week 2023,https://www.pinkbike.com/news/review-dvo-topaz-x-shock-week-2023.html,https://www.pinkbike.com/news/review-dvo-topaz-x-shock-week-2023.html,,existing_review_links_csv
Review: Devinci Chainsaw - Primed for the Bike Park,https://www.pinkbike.com/news/review-devinci-chainsaw-primed-for-the-bike-park-2023.html,https://www.pinkbike.com/news/review-devinci-chainsaw-primed-for-the-bike-park-2023.html,,existing_review_links_csv
Review: Devinci E-Troy Bosch GX LTD - An Aggro All-Mountain eMTB,https://www.pinkbike.com/news/review-devinci-e-troy-bosch-gx-ltd-an-aggro-all-mountain-emtb.html,https://www.pinkbike.com/news/review-devinci-e-troy-bosch-gx-ltd-an-aggro-all-mountain-emtb.html,,existing_review_links_csv
"Review: Devinci E-Troy Lite - Canadian Made, Reasonably Priced, & Lots of Fun",https://www.pinkbike.com/news/review-devinci-e-troy-lite-canadian-made-reasonably-priced.html,https://www.pinkbike.com/news/review-devinci-e-troy-lite-canadian-made-reasonably-priced.html,,existing_review_links_csv
Review: EXT Aria Air Shock,https://www.pinkbike.com/news/review-ext-aria-air-shock.html,https://www.pinkbike.com/news/review-ext-aria-air-shock.html,,existing_review_links_csv
Review: EXT Arma V4 - One of the Best Shocks Gets Even Better,https://www.pinkbike.com/news/review-ext-arma-v4-one-of-the-best-mtb-shocks-gets-even-better.html,https://www.pinkbike.com/news/review-ext-arma-v4-one-of-the-best-mtb-shocks-gets-even-better.html,,existing_review_links_csv
Review: EXT ERA V2.1 Fork,https://www.pinkbike.com/news/review-ext-era-v21-fork.html,https://www.pinkbike.com/news/review-ext-era-v21-fork.html,,existing_review_links_csv
Review: EXT Vecta Coil Shock - Boutique Suspension at a Lower Price,https://www.pinkbike.com/news/review-ext-vecta-coil-shock.html,https://www.pinkbike.com/news/review-ext-vecta-coil-shock.html,,existing_review_links_csv
Review: EXT's New Storia V4 Coil Shock,https://www.pinkbike.com/news/review-exts-new-storia-v4-coil-shock.html,https://www.pinkbike.com/news/review-exts-new-storia-v4-coil-shock.html,,existing_review_links_csv
Review: Endura MT500 Burner Flat Pedal Shoes,https://www.pinkbike.com/news/review-endura-mt500-burner-flat-pedal-shoes.html,https://www.pinkbike.com/news/review-endura-mt500-burner-flat-pedal-shoes.html,,existing_review_links_csv
Review: Every Pair of MTB Shoes I've Worn This Year,https://www.pinkbike.com/news/review-every-pair-of-shoes-ive-worn-this-year.html,https://www.pinkbike.com/news/review-every-pair-of-shoes-ive-worn-this-year.html,,existing_review_links_csv
Review: FSA Gradient i30 Carbon Wheels - Stiff & Strong,https://www.pinkbike.com/news/review-fsa-gradient-i30-carbon-wheels-resilient-not-silent.html,https://www.pinkbike.com/news/review-fsa-gradient-i30-carbon-wheels-resilient-not-silent.html,,existing_review_links_csv
Review: FSA NS SC i30 Carbon Wheels,https://www.pinkbike.com/news/review-fsa-ns-sc-i30-carbon-wheels.html,https://www.pinkbike.com/news/review-fsa-ns-sc-i30-carbon-wheels.html,,existing_review_links_csv
Review: FSA's New KFX i28 XC Carbon Wheels are Compliant & Comfortable,https://www.pinkbike.com/news/review-fsa-kfx-i28-xc-and-trail-wheels.html,https://www.pinkbike.com/news/review-fsa-kfx-i28-xc-and-trail-wheels.html,,existing_review_links_csv
Review: Factor Lando XC,https://www.pinkbike.com/news/review-factor-lando-xc.html,https://www.pinkbike.com/news/review-factor-lando-xc.html,,existing_review_links_csv
"Review: Fair Bicycle's Drop Best Offset Saddle Clamp Looks Weird, Works Great",https://www.pinkbike.com/news/review-fair-bicycles-drop-best-offset-saddle-clamp-looks-weird-works-great.html,https://www.pinkbike.com/news/review-fair-bicycles-drop-best-offset-saddle-clamp-looks-weird-works-great.html,,existing_review_links_csv
Review: Fast Suspension Ride E Shock,https://www.pinkbike.com/news/review-fast-suspension-ride-e-shock.html,https://www.pinkbike.com/news/review-fast-suspension-ride-e-shock.html,,existing_review_links_csv
Review: Five Lightweight Full Face Helmets,https://www.pinkbike.com/news/review-five-lightweight-full-face-helmets.html,https://www.pinkbike.com/news/review-five-lightweight-full-face-helmets.html,,existing_review_links_csv
Review: Five Ten Trailcross XT Shoes,https://www.pinkbike.com/news/review-five-ten-trailcross-xt.html,https://www.pinkbike.com/news/review-five-ten-trailcross-xt.html,,existing_review_links_csv
Review: Fizik Nanuq GTX Clipless and Flat Shoes,https://www.pinkbike.com/news/review-fizik-nanuq-gtx-clipless-and-flat-shoes.html,https://www.pinkbike.com/news/review-fizik-nanuq-gtx-clipless-and-flat-shoes.html,,existing_review_links_csv
Review: Forbidden Druid - Travel is Just a Number,https://www.pinkbike.com/news/review-forbidden-druid-travel-is-just-a-number.html,https://www.pinkbike.com/news/review-forbidden-druid-travel-is-just-a-number.html,,existing_review_links_csv
Review: Forge+Bond Shift EM - A US-Made Carbon Wheelset for $1250,https://www.pinkbike.com/news/review-forgebond-shift-em-wheelset.html,https://www.pinkbike.com/news/review-forgebond-shift-em-wheelset.html,,existing_review_links_csv
Review: Formula Belva Dual-Crown Enduro Fork,https://www.pinkbike.com/news/review-formula-belva-dual-crown-enduro-fork.html,https://www.pinkbike.com/news/review-formula-belva-dual-crown-enduro-fork.html,,existing_review_links_csv
Review: Formula Cura 4 Brakes,https://www.pinkbike.com/news/review-formula-cura-4-brakes.html,https://www.pinkbike.com/news/review-formula-cura-4-brakes.html,,existing_review_links_csv
Review: Formula Cura X Brakes - 2 Piston Consistency,https://www.pinkbike.com/news/review-formula-cura-x-brakes-2-piston-consistency.html,https://www.pinkbike.com/news/review-formula-cura-x-brakes-2-piston-consistency.html,,existing_review_links_csv
Review: Formula Nebbia Air Shock,https://www.pinkbike.com/news/review-formula-nebbia-air-shock.html,https://www.pinkbike.com/news/review-formula-nebbia-air-shock.html,,existing_review_links_csv
Review: Formula Selva V – Are 35mm Stanchions Still Enough for Enduro?,https://www.pinkbike.com/news/review-formula-selva-v.html,https://www.pinkbike.com/news/review-formula-selva-v.html,,existing_review_links_csv
"Review: Fox Podium Fork - Heavy, Expensive, Upside-Down, & Excellent",https://www.pinkbike.com/news/review-the-fox-podium-heavy-expensive-upside-down-and-excellent.html,https://www.pinkbike.com/news/review-the-fox-podium-heavy-expensive-upside-down-and-excellent.html,,existing_review_links_csv
Review: Fox Purevue Goggles - A Compromised Crossover,https://www.pinkbike.com/news/review-fox-pureview-goggles.html,https://www.pinkbike.com/news/review-fox-pureview-goggles.html,,existing_review_links_csv
Review: Fox Releases New Transfer Neo Wireless Dropper Post,https://www.pinkbike.com/news/review-fox-transfer-neo-wireless-dropper-post.html,https://www.pinkbike.com/news/review-fox-transfer-neo-wireless-dropper-post.html,,existing_review_links_csv
Review: Fox Union All Weather Flat Shoes -  For the Wettest Days,https://www.pinkbike.com/news/review-fox-union-all-weather-flat-shoes.html,https://www.pinkbike.com/news/review-fox-union-all-weather-flat-shoes.html,,existing_review_links_csv
Review: Fox's New Speedframe RS is Virginia Tech's Top Rated Helmet,https://www.pinkbike.com/news/review-foxs-new-speedframe-rs-is-virginia-techs-top-rated-helmet.html,https://www.pinkbike.com/news/review-foxs-new-speedframe-rs-is-virginia-techs-top-rated-helmet.html,,existing_review_links_csv
Review: Funn Python Flat Pedals - Thin & Grippy,https://www.pinkbike.com/news/review-funn-python-pedals-low-profile-and-grippy.html,https://www.pinkbike.com/news/review-funn-python-pedals-low-profile-and-grippy.html,,existing_review_links_csv
Review: GasGas ECC 6 - More Speed Than You Need?,https://www.pinkbike.com/news/review-gasgas-ecc-6.html,https://www.pinkbike.com/news/review-gasgas-ecc-6.html,,existing_review_links_csv
Review: Giant Roost and Rail Helmets,https://www.pinkbike.com/news/review-giant-roost-and-rail-helmets.html,https://www.pinkbike.com/news/review-giant-roost-and-rail-helmets.html,,existing_review_links_csv
Review: Giant TRX Carbon Wheels,https://www.pinkbike.com/news/review-giant-trx-carbon-wheels.html,https://www.pinkbike.com/news/review-giant-trx-carbon-wheels.html,,existing_review_links_csv
Review: Giant Trance X Advanced - Not Your Parents' Volvo,https://www.pinkbike.com/news/review-giant-trance-x-advanced-2024.html,https://www.pinkbike.com/news/review-giant-trance-x-advanced-2024.html,,existing_review_links_csv
Review: Giro's New Coalition Lightweight Full Face Helmet,https://www.pinkbike.com/news/review-giro-coalition-full-face-helmet.html,https://www.pinkbike.com/news/review-giro-coalition-full-face-helmet.html,,existing_review_links_csv
Review: Giro's New Montaro III Helmet,https://www.pinkbike.com/news/review-giro-montaro-iii-helmet.html,https://www.pinkbike.com/news/review-giro-montaro-iii-helmet.html,,existing_review_links_csv
Review: Goodyear Newton MTR & MTF Tires,https://www.pinkbike.com/news/review-goodyear-newton-mtr-and-mtf-tires.html,https://www.pinkbike.com/news/review-goodyear-newton-mtr-and-mtf-tires.html,,existing_review_links_csv
Review: Haro Greer Alloy LTD 2,https://www.pinkbike.com/news/review-haro-greer-alloy-ltd-2.html,https://www.pinkbike.com/news/review-haro-greer-alloy-ltd-2.html,,existing_review_links_csv
Review: Hope HB.916 - Better Late Than Never,https://www.pinkbike.com/news/review-hope-hb916-better-late-than-never.html,https://www.pinkbike.com/news/review-hope-hb916-better-late-than-never.html,,existing_review_links_csv
Review: Hope Tech 4 V4 Brakes - Strong and Sensitive,https://www.pinkbike.com/news/review-hope-tech-4-v4-strong-sensitive.html,https://www.pinkbike.com/news/review-hope-tech-4-v4-strong-sensitive.html,,existing_review_links_csv
"Review: How Canyon's KIS Could Change Mountain Biking, and Why It Probably Won't",https://www.pinkbike.com/news/review-how-canyons-kis-could-change-mountain-biking-and-why-it-probably-wont.html,https://www.pinkbike.com/news/review-how-canyons-kis-could-change-mountain-biking-and-why-it-probably-wont.html,,existing_review_links_csv
Review: Hunt Proven Trail Carbon H-Core Wheelset,https://www.pinkbike.com/news/review-hunt-proven-trail-carbon-h-core-wheelset.html,https://www.pinkbike.com/news/review-hunt-proven-trail-carbon-h-core-wheelset.html,,existing_review_links_csv
Review: Hunt's Wallet-Friendly XC Wide Alloy Wheels,https://www.pinkbike.com/news/review-hunts-wallet-friendly-xc-wide-mtb-wheelsest.html,https://www.pinkbike.com/news/review-hunts-wallet-friendly-xc-wide-mtb-wheelsest.html,,existing_review_links_csv
Review: Industry Nine Hydra 2 Hubs - 870 Points of Engagement & Increased Durability,https://www.pinkbike.com/news/review-industry-nine-hydra-2-870-points-of-engagement-and-increased-durability.html,https://www.pinkbike.com/news/review-industry-nine-hydra-2-870-points-of-engagement-and-increased-durability.html,,existing_review_links_csv
Review: Industry Nine Solix M TR300/290 Carbon Wheels,https://www.pinkbike.com/news/review-industry-nine-solix-m-tr300290-carbon-wheels.html,https://www.pinkbike.com/news/review-industry-nine-solix-m-tr300290-carbon-wheels.html,,existing_review_links_csv
Review: KOM Xeno Hubs - Reinventing The Wheel,https://www.pinkbike.com/news/review-kom-xeno-hubs-reinventing-the-wheel.html,https://www.pinkbike.com/news/review-kom-xeno-hubs-reinventing-the-wheel.html,,existing_review_links_csv
Review: KS Lev Circuit Wireless Dropper Post,https://www.pinkbike.com/news/review-ks-lev-circuit-wireless-dropper-post.html,https://www.pinkbike.com/news/review-ks-lev-circuit-wireless-dropper-post.html,,existing_review_links_csv
Review: Kavenz VHP16 - The Commenter's Dream Bike,https://www.pinkbike.com/news/review-kavenz-vhp16-the-commenters-dream-bike.html,https://www.pinkbike.com/news/review-kavenz-vhp16-the-commenters-dream-bike.html,,existing_review_links_csv
Review: Khyber V1 Multi-Pivot Bike Rack,https://www.pinkbike.com/news/review-khyber-v1-mulit-pivot-bike-rack.html,https://www.pinkbike.com/news/review-khyber-v1-mulit-pivot-bike-rack.html,,existing_review_links_csv
Review: Knolly Chilcotin 170 - They Haven't Just Straightened the Top Tube,https://www.pinkbike.com/news/review-knolly-chilcotin-170.html,https://www.pinkbike.com/news/review-knolly-chilcotin-170.html,,existing_review_links_csv
"Review: Kona Process 153 - Predictable, Rewarding, & Sharp",https://www.pinkbike.com/news/review-kona-process-153.html,https://www.pinkbike.com/news/review-kona-process-153.html,,existing_review_links_csv
Review: Kuat Huk Tailgate Pad,https://www.pinkbike.com/news/review-kuat-huk-tailgate-pad.html,https://www.pinkbike.com/news/review-kuat-huk-tailgate-pad.html,,existing_review_links_csv
Review: Last Glen - An Out-of-the-Ordinary All-Mountain Bike,https://www.pinkbike.com/news/review-last-glen.html,https://www.pinkbike.com/news/review-last-glen.html,,existing_review_links_csv
Review: Lazer’s New Impala KinetiCore Helmet,https://www.pinkbike.com/news/review-lazer-impala-kineticore-helmet.html,https://www.pinkbike.com/news/review-lazer-impala-kineticore-helmet.html,,existing_review_links_csv
Review: Leatt's $319 USD CeraMag All-Mtn 8.0 Ti Flat Pedals,https://www.pinkbike.com/news/review-leatts-319-usd-ceramag-all-mtn-80-ti-flat-pedals.html,https://www.pinkbike.com/news/review-leatts-319-usd-ceramag-all-mtn-80-ti-flat-pedals.html,,existing_review_links_csv
Review: Leatt's 3-in-1 MTB Enduro 3.0 Helmet,https://www.pinkbike.com/news/review-leatts-3-in-1-mtb-enduro-3-helmet.html,https://www.pinkbike.com/news/review-leatts-3-in-1-mtb-enduro-3-helmet.html,,existing_review_links_csv
Review: Lewis LHT Ultimate Brakes - Clones or Contenders?,https://www.pinkbike.com/news/review-lewis-lht-ultimate-brakes.html,https://www.pinkbike.com/news/review-lewis-lht-ultimate-brakes.html,,existing_review_links_csv
Review: Limar Livigno MIPS Lightweight Full Face Helmet,https://www.pinkbike.com/news/review-limar-livigno-mips-lightweight-full-face-helmet.html,https://www.pinkbike.com/news/review-limar-livigno-mips-lightweight-full-face-helmet.html,,existing_review_links_csv
Review: LoamLab Counterpunch Hand Protecting Grips,https://www.pinkbike.com/news/review-loamlab-counterpunch-hand-protecting-grips.html,https://www.pinkbike.com/news/review-loamlab-counterpunch-hand-protecting-grips.html,,existing_review_links_csv
Review: Logos Eudae 29 HD Carbon Wheels,https://www.pinkbike.com/news/review-logos-eudae-29-hd-carbon-wheels-review.html,https://www.pinkbike.com/news/review-logos-eudae-29-hd-carbon-wheels-review.html,,existing_review_links_csv
Review: MET's New Revo MIPS Helmet,https://www.pinkbike.com/news/review-met-revo-mips-helmet.html,https://www.pinkbike.com/news/review-met-revo-mips-helmet.html,,existing_review_links_csv
Review: Magped's Magnetic Flat Pedals Attempt to Bridge the Gap,https://www.pinkbike.com/news/review-magpeds-magnetic-flat-pedals-attempt-to-bridge-the-gap.html,https://www.pinkbike.com/news/review-magpeds-magnetic-flat-pedals-attempt-to-bridge-the-gap.html,,existing_review_links_csv
"Review: Manitou Mattoc Pro Fork - Reversed Arched, Foward Thinking",https://www.pinkbike.com/news/review-manitou-mattoc-pro-reversed-arched-yet-forward-thinking.html,https://www.pinkbike.com/news/review-manitou-mattoc-pro-reversed-arched-yet-forward-thinking.html,,existing_review_links_csv
Review: Marzocchi Bomber Air - Shock Week 2023,https://www.pinkbike.com/news/review-marzocchi-bomber-air-shock-week-2023.html,https://www.pinkbike.com/news/review-marzocchi-bomber-air-shock-week-2023.html,,existing_review_links_csv
Review: Mavic Deemax DH YLW - A Classic Downhill Wheelset,https://www.pinkbike.com/news/review-mavic-deemax-dh-ylw-a-classic-downhill-wheelset.html,https://www.pinkbike.com/news/review-mavic-deemax-dh-ylw-a-classic-downhill-wheelset.html,,existing_review_links_csv
Review: Mavic Deemax Pro Mips Helmet,https://www.pinkbike.com/news/review-mavic-deemax-pro-mips-helmet.html,https://www.pinkbike.com/news/review-mavic-deemax-pro-mips-helmet.html,,existing_review_links_csv
Review: Maxxis' New Dissector Tire is Fast & Versatile,https://www.pinkbike.com/news/review-maxxis-dissector-fast-and-versatile.html,https://www.pinkbike.com/news/review-maxxis-dissector-fast-and-versatile.html,,existing_review_links_csv
Review: Modifying the TRP DH-R Evo Brakes with Aftermarket Levers,https://www.pinkbike.com/news/review-modifying-the-trp-dh-r-evo-brakes-with-aftermarket-levers.html,https://www.pinkbike.com/news/review-modifying-the-trp-dh-r-evo-brakes-with-aftermarket-levers.html,,existing_review_links_csv
Review: Motion Instruments System 2 Data Acquisition Kit,https://www.pinkbike.com/news/review-motion-instruments-system-2-data-aquisition-kit.html,https://www.pinkbike.com/news/review-motion-instruments-system-2-data-aquisition-kit.html,,existing_review_links_csv
Review: Norco Fluid FS Carbon - A Comfortable Companion,https://www.pinkbike.com/news/review-2024-norco-fluid-fs-carbon-comfortable-companion.html,https://www.pinkbike.com/news/review-2024-norco-fluid-fs-carbon-comfortable-companion.html,,existing_review_links_csv
Review: Norco Range VLT - The Purple Plow,https://www.pinkbike.com/news/review-2024-norco-range-vlt-the-purple-plow.html,https://www.pinkbike.com/news/review-2024-norco-range-vlt-the-purple-plow.html,,existing_review_links_csv
Review: Norco's New Sight VLT TQ - High-Pivot Meets Mid-Power,https://www.pinkbike.com/news/review-norco-vlt-tq-c1-2026-review.html,https://www.pinkbike.com/news/review-norco-vlt-tq-c1-2026-review.html,,existing_review_links_csv
Review: Northwave Overland Plus Clipless Shoes,https://www.pinkbike.com/news/review-northwave-overland-plus-clipless-shoes.html,https://www.pinkbike.com/news/review-northwave-overland-plus-clipless-shoes.html,,existing_review_links_csv
Review: One Year on the Liv Intrigue LT Advanced Pro 1,https://www.pinkbike.com/news/review-one-year-on-on-liv-intrigue-lt-advanced-pro-1.html,https://www.pinkbike.com/news/review-one-year-on-on-liv-intrigue-lt-advanced-pro-1.html,,existing_review_links_csv
Review: OneUp Clip Pedals,https://www.pinkbike.com/news/review-oneup-clip-pedals.html,https://www.pinkbike.com/news/review-oneup-clip-pedals.html,,existing_review_links_csv
Review: OneUp V3 Dropper Post - Still the One to Beat,https://www.pinkbike.com/news/review-oneup-v3-240-mm-dropper-post.html,https://www.pinkbike.com/news/review-oneup-v3-240-mm-dropper-post.html,,existing_review_links_csv
Review: Orange Switch 7 - A Clashing of Worlds,https://www.pinkbike.com/news/review-orange-switch-7-a-clashing-of-worlds.html,https://www.pinkbike.com/news/review-orange-switch-7-a-clashing-of-worlds.html,,existing_review_links_csv
Review: Orbea Rallon DH - A Recipe For Locking Into Turns,https://www.pinkbike.com/news/review-orbea-rallon-dh-2025.html,https://www.pinkbike.com/news/review-orbea-rallon-dh-2025.html,,existing_review_links_csv
Review: Orbea's 2025 Wild eMTB Gets a Quiet Update,https://www.pinkbike.com/news/review-2025-orbea-wild-almost-the-same-but-now-its-quieter.html,https://www.pinkbike.com/news/review-2025-orbea-wild-almost-the-same-but-now-its-quieter.html,,existing_review_links_csv
Review: Orbea's 2026 Rallon Enduro Proves Long-Travel Enduro Bikes Aren't Dead,https://www.pinkbike.com/news/full-review-orbea-2026-rallon-enduro.html,https://www.pinkbike.com/news/full-review-orbea-2026-rallon-enduro.html,,existing_review_links_csv
Review: POC's Cularis Helmet Takes Virginia Tech's Top Spot,https://www.pinkbike.com/news/review-poc-cularis-helmet-safest--best.html,https://www.pinkbike.com/news/review-poc-cularis-helmet-safest--best.html,,existing_review_links_csv
Review: Pademelon CS.1 Steering Damper,https://www.pinkbike.com/news/review-pademelon-cs1-steering-damper.html,https://www.pinkbike.com/news/review-pademelon-cs1-steering-damper.html,,existing_review_links_csv
Review: Pirelli Scorpion Race Enduro M & T Tires,https://www.pinkbike.com/news/review-pirelli-scorpion-enduro-race-m-and-t-tires.html,https://www.pinkbike.com/news/review-pirelli-scorpion-enduro-race-m-and-t-tires.html,,existing_review_links_csv
Review: Pivot Phoenix - Easily Accessible DH Speed,https://www.pinkbike.com/news/review-pivot-phoenix-unconventional-parts-intuitive-ride.html,https://www.pinkbike.com/news/review-pivot-phoenix-unconventional-parts-intuitive-ride.html,,existing_review_links_csv
Review: Polygon Collosus DH-R - Smooth & Sensibly Priced,https://www.pinkbike.com/news/review-polygon-collosus-dh-r-smooth-sensibly-priced.html,https://www.pinkbike.com/news/review-polygon-collosus-dh-r-smooth-sensibly-priced.html,,existing_review_links_csv
Review: Prime Rocket - Another Carbon Downhill Spaceship from Eastern Europe,https://www.pinkbike.com/news/review-prime-rocket-another-carbon-downhill-spaceship-from-eastern-europe.html,https://www.pinkbike.com/news/review-prime-rocket-another-carbon-downhill-spaceship-from-eastern-europe.html,,existing_review_links_csv
Review: Privateer 141 - The Adjustable Wrench of Trail Bikes,https://www.pinkbike.com/news/review-privateer-141.html,https://www.pinkbike.com/news/review-privateer-141.html,,existing_review_links_csv
Review: Propain Spindrift 5 CF,https://www.pinkbike.com/news/review-propain-spindrift-5-cf.html,https://www.pinkbike.com/news/review-propain-spindrift-5-cf.html,,existing_review_links_csv
Review: Propain Sresh CF - Mild-Mannered Middle Ground,https://www.pinkbike.com/news/review-propain-sresh-cf-mild-mannered-middle-ground.html,https://www.pinkbike.com/news/review-propain-sresh-cf-mild-mannered-middle-ground.html,,existing_review_links_csv
Review: Push Nine One V2 Inverted Fork - Plush & Pricey,https://www.pinkbike.com/news/review-push-nine-one-v2-usd-fork-plush-and-pricey.html,https://www.pinkbike.com/news/review-push-nine-one-v2-usd-fork-plush-and-pricey.html,,existing_review_links_csv
Review: Push SV Eight Coil Shock,https://www.pinkbike.com/news/review-push-sv-eight-coil-shock.html,https://www.pinkbike.com/news/review-push-sv-eight-coil-shock.html,,existing_review_links_csv
Review: Raaw Madonna V3,https://www.pinkbike.com/news/review-raaw-madonna-yes-its-still-great.html,https://www.pinkbike.com/news/review-raaw-madonna-yes-its-still-great.html,,existing_review_links_csv
Review: Rab Cinder Crimp Jersey & Kinetic Waterproof Pants,https://www.pinkbike.com/news/review-rab-cinder-crimp-jersey-and-kinetic-waterproof-pants.html,https://www.pinkbike.com/news/review-rab-cinder-crimp-jersey-and-kinetic-waterproof-pants.html,,existing_review_links_csv
Review: Racer Gloves & Joint Protection,https://www.pinkbike.com/news/review-racer-gloves-and-joint-protection.html,https://www.pinkbike.com/news/review-racer-gloves-and-joint-protection.html,,existing_review_links_csv
Review: Rad Racks Rad4 Double-Folding Bike Rack,https://www.pinkbike.com/news/review-rad-racks-rad4-double-folding-bike-rack.html,https://www.pinkbike.com/news/review-rad-racks-rad4-double-folding-bike-rack.html,,existing_review_links_csv
Review: Reeb Steezl - US Made & Super Capable,https://www.pinkbike.com/news/review-reeb-steezl.html,https://www.pinkbike.com/news/review-reeb-steezl.html,,existing_review_links_csv
Review: Renthal's New Revo-F Flat Pedals,https://www.pinkbike.com/news/review-renthal-revo-f-flat-pedals.html,https://www.pinkbike.com/news/review-renthal-revo-f-flat-pedals.html,,existing_review_links_csv
Review: Reserve 30|HD AL vs Race Face Turbine Wheels,https://www.pinkbike.com/news/review-reserve-30hd-al-vs-race-face-turbine-wheels.html,https://www.pinkbike.com/news/review-reserve-30hd-al-vs-race-face-turbine-wheels.html,,existing_review_links_csv
Review: Ride Concepts Accomplice BOA Flat Pedal Shoes,https://www.pinkbike.com/news/review-ride-concepts-accomplice-boa-flat-pedal-shoes.html,https://www.pinkbike.com/news/review-ride-concepts-accomplice-boa-flat-pedal-shoes.html,,existing_review_links_csv
Review: RockShox Vivid - Shock Week 2023,https://www.pinkbike.com/news/rockshox-vivid-review-shock-week-2023.html,https://www.pinkbike.com/news/rockshox-vivid-review-shock-week-2023.html,,existing_review_links_csv
Review: Rocky Mountain Slayer C50,https://www.pinkbike.com/news/review-rocky-mountain-slayer-c50.html,https://www.pinkbike.com/news/review-rocky-mountain-slayer-c50.html,,existing_review_links_csv
Review: Rossignol Heretic - Second Time's the Charm,https://www.pinkbike.com/news/review-rossignol-heretic-2025.html,https://www.pinkbike.com/news/review-rossignol-heretic-2025.html,,existing_review_links_csv
Review: Roval Control Alloy 350 6B XC Wheels,https://www.pinkbike.com/news/review-specialized-control-alloy-350-6b-xc-wheels.html,https://www.pinkbike.com/news/review-specialized-control-alloy-350-6b-xc-wheels.html,,existing_review_links_csv
"Review: SDG Tellis V2 Dropper Post - No Slop, More Drop",https://www.pinkbike.com/news/review-sdg-tellis-v2-dropper-post-no-slop-more-drop.html,https://www.pinkbike.com/news/review-sdg-tellis-v2-dropper-post-no-slop-more-drop.html,,existing_review_links_csv
Review: SRAM Maven Base Brakes - Light Lever Action & Lots of Power,https://www.pinkbike.com/news/review-sram-maven-base-brakes-light-lever-action-and-lots-of-power.html,https://www.pinkbike.com/news/review-sram-maven-base-brakes-light-lever-action-and-lots-of-power.html,,existing_review_links_csv
Review: SRAM's New Eagle 90 Mechanical Transmission - No Batteries Required,https://www.pinkbike.com/news/review-sram-eagle-90-mechanical-transmission-no-batteries-required.html,https://www.pinkbike.com/news/review-sram-eagle-90-mechanical-transmission-no-batteries-required.html,,existing_review_links_csv
Review: SRAM's New Maven Brakes - The Big Brake,https://www.pinkbike.com/news/review-sram-maven-the-big-brake.html,https://www.pinkbike.com/news/review-sram-maven-the-big-brake.html,,existing_review_links_csv
Review: Salsa's New Spearfish - The Bright Green Race Machine,https://www.pinkbike.com/news/review-salsa-spearfish-bright-green-race-machine.html,https://www.pinkbike.com/news/review-salsa-spearfish-bright-green-race-machine.html,,existing_review_links_csv
Review: Santa Cruz V10 - Hard to Ignore,https://www.pinkbike.com/news/review-santa-cruz-v10.html,https://www.pinkbike.com/news/review-santa-cruz-v10.html,,existing_review_links_csv
Review: Santa Cruz Vala - The VPP-Free eMTB,https://www.pinkbike.com/news/review-santa-cruz-vala-2025.html,https://www.pinkbike.com/news/review-santa-cruz-vala-2025.html,,existing_review_links_csv
"Review: Saris' New Edge 2"" Hitch Rack",https://www.pinkbike.com/news/review-saris-new-edge-rack-hitch-bike-rack.html,https://www.pinkbike.com/news/review-saris-new-edge-rack-hitch-bike-rack.html,,existing_review_links_csv
Review: Schwalbe's Magic Mary Radial Tires Deliver Top Notch Traction,https://www.pinkbike.com/news/review-schwalbes-magic-mary-radial-tires-deliver-top-notch-traction.html,https://www.pinkbike.com/news/review-schwalbes-magic-mary-radial-tires-deliver-top-notch-traction.html,,existing_review_links_csv
Review: Schwalbe's Shredda Gravity Tires are a Loamer Cheat Code,https://www.pinkbike.com/news/review-schwalbe-shredda-gravity-tires-the-loamer-cheat-code.html,https://www.pinkbike.com/news/review-schwalbe-shredda-gravity-tires-the-loamer-cheat-code.html,,existing_review_links_csv
Review: Scor 2030 - The Trail Bike You Didn't Know You Wanted,https://www.pinkbike.com/news/review-scor-2030-the-trail-bike-you-didnt-know-you-wanted.html,https://www.pinkbike.com/news/review-scor-2030-the-trail-bike-you-didnt-know-you-wanted.html,,existing_review_links_csv
Review: Scor 6080Z - Ready to Run Over Anything,https://www.pinkbike.com/news/review-scor-6080z-ready-to-run-over-anything.html,https://www.pinkbike.com/news/review-scor-6080z-ready-to-run-over-anything.html,,existing_review_links_csv
Review: SeaSucker Talon Bike Rack - Does It Suck?,https://www.pinkbike.com/news/review-seasucker-talon-bike-rack.html,https://www.pinkbike.com/news/review-seasucker-talon-bike-rack.html,,existing_review_links_csv
Review: Shimano GF800 GTX Flat Pedal Shoes - Grippy & Ready for the Rain,https://www.pinkbike.com/news/review-shimano-gf800gtx-grippy-rain-ready.html,https://www.pinkbike.com/news/review-shimano-gf800gtx-grippy-rain-ready.html,,existing_review_links_csv
Review: Shimano XT Linkglide - Here For a Good Time AND a Long Time,https://www.pinkbike.com/news/review-shimano-linkglide.html,https://www.pinkbike.com/news/review-shimano-linkglide.html,,existing_review_links_csv
Review: Shimano XTR 9220 Brakes - Consistency is Key,https://www.pinkbike.com/news/review-shimano-xtr-9220-brakes.html,https://www.pinkbike.com/news/review-shimano-xtr-9220-brakes.html,,existing_review_links_csv
Review: Shimano XTR 9220 Brakes - Rebuilt for Refinement,https://www.pinkbike.com/news/review-shimano-xtr-9220-brakes-rebuilt-for-refinement.html,https://www.pinkbike.com/news/review-shimano-xtr-9220-brakes-rebuilt-for-refinement.html,,existing_review_links_csv
Review: Shimano's XTR Drivetrain Finally Goes Wireless,https://www.pinkbike.com/news/review-shimano-xtr-goes-wireless.html,https://www.pinkbike.com/news/review-shimano-xtr-goes-wireless.html,,existing_review_links_csv
Review: Silt's $400 Enduro Alloy Wheelset,https://www.pinkbike.com/news/review-silt-enduro-alloy-wheels.html,https://www.pinkbike.com/news/review-silt-enduro-alloy-wheels.html,,existing_review_links_csv
Review: Smith's Payroll Helmet Has Koroyd & A Crash Sensor,https://www.pinkbike.com/news/review-smith-payroll-helmet-has-honeycombs-and-a-crash-sensor.html,https://www.pinkbike.com/news/review-smith-payroll-helmet-has-honeycombs-and-a-crash-sensor.html,,existing_review_links_csv
Review: Some Pleasant Apparel Surprises From YT & Enve,https://www.pinkbike.com/news/review-some-pleasant-apparel-surprises-from-yt-enve.html,https://www.pinkbike.com/news/review-some-pleasant-apparel-surprises-from-yt-enve.html,,existing_review_links_csv
Review: Spank 359 Downhill Wheels - Alloy Wheels Turned up to 11,https://www.pinkbike.com/news/review-spank-359-downhill-wheels-alloy-wheels-turned-up-to-11.html,https://www.pinkbike.com/news/review-spank-359-downhill-wheels-alloy-wheels-turned-up-to-11.html,,existing_review_links_csv
Review: Specialized Dissident 2 Helmet - Downhill Safety at an Enduro Weight,https://www.pinkbike.com/news/review-specialized-dissident-2-helmet-downhill-safety-packed-into-an-enduro-weight.html,https://www.pinkbike.com/news/review-specialized-dissident-2-helmet-downhill-safety-packed-into-an-enduro-weight.html,,existing_review_links_csv
Review: Specialized Eliminator / Butcher Tires - Great Performance at a Reasonable Price,https://www.pinkbike.com/news/review-specialized-eliminator--butcher-tires.html,https://www.pinkbike.com/news/review-specialized-eliminator--butcher-tires.html,,existing_review_links_csv
"Review: Specialized's New Turbo Levo 4 Has More Power, More Battery",https://www.pinkbike.com/news/review-specialized-turbo-levo-4-2025.html,https://www.pinkbike.com/news/review-specialized-turbo-levo-4-2025.html,,existing_review_links_csv
Review: Specialized’s New Epic 8 - All the Speed You Need,https://www.pinkbike.com/news/review-2024-specialized-epic-8-all-the-speed.html,https://www.pinkbike.com/news/review-2024-specialized-epic-8-all-the-speed.html,,existing_review_links_csv
Review: Squidworx Modular Flat Pedals,https://www.pinkbike.com/news/review-squidworx-modular-pedals.html,https://www.pinkbike.com/news/review-squidworx-modular-pedals.html,,existing_review_links_csv
Review: Starling MegaMurmur - The Big Bird,https://www.pinkbike.com/news/review-starling-megamurmur-the-big-bird.html,https://www.pinkbike.com/news/review-starling-megamurmur-the-big-bird.html,,existing_review_links_csv
Review: Swagman Summit Vertical Hitch Rack,https://www.pinkbike.com/news/review-swagman-summit-vertical-hitch-rack.html,https://www.pinkbike.com/news/review-swagman-summit-vertical-hitch-rack.html,,existing_review_links_csv
Review: Sweet Protection Primer Mips Helmet,https://www.pinkbike.com/news/review-sweet-protection-primer-mips-helmet.html,https://www.pinkbike.com/news/review-sweet-protection-primer-mips-helmet.html,,existing_review_links_csv
Review: The 2026 Norco Revolver 130 is Ready for Modern XC Riding,https://www.pinkbike.com/news/review-norco-revolver-130.html,https://www.pinkbike.com/news/review-norco-revolver-130.html,,existing_review_links_csv
Review: The ARC8 Evolve FS Pushes the Boundaries of XC,https://www.pinkbike.com/news/review-arc8-evolve-fs.html,https://www.pinkbike.com/news/review-arc8-evolve-fs.html,,existing_review_links_csv
Review: The Adventure Dog Channel - Training the Ultimate Trail Dog,https://www.pinkbike.com/news/review-the-adventure-dog-channel-training-the-ultimate-trail-dog.html,https://www.pinkbike.com/news/review-the-adventure-dog-channel-training-the-ultimate-trail-dog.html,,existing_review_links_csv
"Review: The Airdrop Edit MX - No Frills, All Thrills",https://www.pinkbike.com/news/review-the-airdrop-edit-mx-is-practical-and-potent-at-a-palatable-price.html,https://www.pinkbike.com/news/review-the-airdrop-edit-mx-is-practical-and-potent-at-a-palatable-price.html,,existing_review_links_csv
Review: The Arctos Epic is a Unique High-Volume Hip Pack,https://www.pinkbike.com/news/review-the-arctos-epic-is-a-unique-high-volume-hip-pack.html,https://www.pinkbike.com/news/review-the-arctos-epic-is-a-unique-high-volume-hip-pack.html,,existing_review_links_csv
Review: The CounterSycle Tuned Mass Damper,https://www.pinkbike.com/news/review-the-countersycle-tuned-mass-damper.html,https://www.pinkbike.com/news/review-the-countersycle-tuned-mass-damper.html,,existing_review_links_csv
Review: The DT Swiss DEG DF Anti-Pedal Kickback Hub Upgrade is Smartly Designed,https://www.pinkbike.com/news/review-dt-swiss-deg-df-anti-pedal-kickback-hub-upgrade.html,https://www.pinkbike.com/news/review-dt-swiss-deg-df-anti-pedal-kickback-hub-upgrade.html,,existing_review_links_csv
Review: The Forbidden Dreadnought V2 Has a Need for Speed,https://www.pinkbike.com/news/review-forbidden-dreadnought-v2.html,https://www.pinkbike.com/news/review-forbidden-dreadnought-v2.html,,existing_review_links_csv
Review: The Kona Process 134 CR DL is a Comfort Zone Companion,https://www.pinkbike.com/news/review-kona-process-134-crdl-is-a-comfort-zone-companion.html,https://www.pinkbike.com/news/review-kona-process-134-crdl-is-a-comfort-zone-companion.html,,existing_review_links_csv
Review: The Liv Pique Advanced 29 is a Thoroughbred XC Race Bike,https://www.pinkbike.com/news/review-the-liv-pique-advanced-29-is-a-thoroughbred-xc-race-bike.html,https://www.pinkbike.com/news/review-the-liv-pique-advanced-29-is-a-thoroughbred-xc-race-bike.html,,existing_review_links_csv
Review: The New 2024 Scott Ransom 900 RC Has All The Integration,https://www.pinkbike.com/news/review-2024-scott-ransom-900-rc.html,https://www.pinkbike.com/news/review-2024-scott-ransom-900-rc.html,,existing_review_links_csv
Review: The New Marin Alpine Trail is More Adjustable & Capable Than Ever,https://www.pinkbike.com/news/review-the-2025-marin-alpine-trail-more-adjustable-capable.html,https://www.pinkbike.com/news/review-the-2025-marin-alpine-trail-more-adjustable-capable.html,,existing_review_links_csv
Review: The New Pivot Firebird  is Well Balanced & Refined,https://www.pinkbike.com/news/review-2026-pivot-firebird-well-balanced-refined-enduro.html,https://www.pinkbike.com/news/review-2026-pivot-firebird-well-balanced-refined-enduro.html,,existing_review_links_csv
Review: The New Transition Spur is Lightly Revised and Still Just as Fun,https://www.pinkbike.com/news/review-the-2026-transition-spur-is-lightly-revised-and-still-just-as-fun.html,https://www.pinkbike.com/news/review-the-2026-transition-spur-is-lightly-revised-and-still-just-as-fun.html,,existing_review_links_csv
Review: The Norco Fluid VLT 140 is a Modest Overachiever,https://www.pinkbike.com/news/review-the-norco-fluid-vlt-140-is-a-modest-overachiever.html,https://www.pinkbike.com/news/review-the-norco-fluid-vlt-140-is-a-modest-overachiever.html,,existing_review_links_csv
Review: The O'Neal Trailfinder Helmet With Quin Sensor Can Call For Help If You Hit Your Head,https://www.pinkbike.com/news/review-oneal-trailfinder-helmet-with-quin-smart-sensor.html,https://www.pinkbike.com/news/review-oneal-trailfinder-helmet-with-quin-smart-sensor.html,,existing_review_links_csv
"Review: The Orucase B2 MTB is Tiny, but Not For Everyone",https://www.pinkbike.com/news/review-the-orucase-b2-mtb-is-as-small-as-can-be.html,https://www.pinkbike.com/news/review-the-orucase-b2-mtb-is-as-small-as-can-be.html,,existing_review_links_csv
Review: The Pivot Mach SL 4 Blends XC Speed & Comfort,https://www.pinkbike.com/news/review-pivot-mach-sl-4.html,https://www.pinkbike.com/news/review-pivot-mach-sl-4.html,,existing_review_links_csv
Review: The Pivot Shadowcat is Niche & Nimble,https://www.pinkbike.com/news/review-the-pivot-shadowcat-is-niche-and-nimble.html,https://www.pinkbike.com/news/review-the-pivot-shadowcat-is-niche-and-nimble.html,,existing_review_links_csv
Review: The Pivot Trailcat LT Untangles the Tech,https://www.pinkbike.com/news/review-the-pivot-tailcat-lt-untangles-the-tech.html,https://www.pinkbike.com/news/review-the-pivot-tailcat-lt-untangles-the-tech.html,,existing_review_links_csv
Review: The Raaw Jibb LT is Sure-Footed & Versatile,https://www.pinkbike.com/news/review-the-raaw-jibb-lt-is-sure-footed-and-versatile.html,https://www.pinkbike.com/news/review-the-raaw-jibb-lt-is-sure-footed-and-versatile.html,,existing_review_links_csv
Review: The Revel Rascal V2 is a Live Wire Trail Bike,https://www.pinkbike.com/news/review-revel-rascal-v2-the-live-wire-trail-bike.html,https://www.pinkbike.com/news/review-revel-rascal-v2-the-live-wire-trail-bike.html,,existing_review_links_csv
Review: The Revel Ritual Blends Enduro Bike Numbers With Trail Bike Handling,https://www.pinkbike.com/news/review-the-revel-ritual-2026-enduro-bike-numbers-trail-bike-handling.html,https://www.pinkbike.com/news/review-the-revel-ritual-2026-enduro-bike-numbers-trail-bike-handling.html,,existing_review_links_csv
"Review: The Rocky Mountain Altitude C90 Has Impressive Grip & Adjustability, But Isn't the Easiest to Work On",https://www.pinkbike.com/news/review-rocky-mountain-altitude.html,https://www.pinkbike.com/news/review-rocky-mountain-altitude.html,,existing_review_links_csv
Review: The SR Suntour Durolux 38 EVO Fork is a Budget Performer,https://www.pinkbike.com/news/review-the-sr-suntour-durolux-38-evo-is-budget-performer.html,https://www.pinkbike.com/news/review-the-sr-suntour-durolux-38-evo-is-budget-performer.html,,existing_review_links_csv
Review: The Yeti SB165 Is Still a Pedalable Park Bike,https://www.pinkbike.com/news/review-yeti-sb165-2024.html,https://www.pinkbike.com/news/review-yeti-sb165-2024.html,,existing_review_links_csv
"Review: The £1,500 Calibre Bossnut - Why Pay More?",https://www.pinkbike.com/news/review-calibre-bossnut-2025.html,https://www.pinkbike.com/news/review-calibre-bossnut-2025.html,,existing_review_links_csv
Review: Transition's New Regulator CX eMTB,https://www.pinkbike.com/news/review-transitions-new-regulator-cx-emtb.html,https://www.pinkbike.com/news/review-transitions-new-regulator-cx-emtb.html,,existing_review_links_csv
Review: TranzX EDP01 Wireless Electronic Dropper Post,https://www.pinkbike.com/news/review-transx-edp01-wireless-electronic-dropper-post.html,https://www.pinkbike.com/news/review-transx-edp01-wireless-electronic-dropper-post.html,,existing_review_links_csv
Review: Trek's 2025 Slash+ 9.9 is a Ridiculously Good Descender,https://www.pinkbike.com/news/review-trek-slash-99.html,https://www.pinkbike.com/news/review-trek-slash-99.html,,existing_review_links_csv
"Review: Trickstuff Piccola C22 Brakes - Light, Powerful, & Pricey",https://www.pinkbike.com/news/review-trickstuff-piccola-c22-brakes.html,https://www.pinkbike.com/news/review-trickstuff-piccola-c22-brakes.html,,existing_review_links_csv
Review: Trickstuff's Maxima Brakes Are Fancy and Finicky,https://www.pinkbike.com/news/review-trickstuff-maxima-big-brake-test.html,https://www.pinkbike.com/news/review-trickstuff-maxima-big-brake-test.html,,existing_review_links_csv
Review: Turnon Bunker Dropper Post,https://www.pinkbike.com/news/review-turnon-bunker-dropper-post.html,https://www.pinkbike.com/news/review-turnon-bunker-dropper-post.html,,existing_review_links_csv
Review: USWE Riding Packs - Locked In With One Buckle,https://www.pinkbike.com/news/review-uswe-riding-packs-locked-in-with-one-buckle.html,https://www.pinkbike.com/news/review-uswe-riding-packs-locked-in-with-one-buckle.html,,existing_review_links_csv
Review: Vee Tire Co's Gravity Lineup,https://www.pinkbike.com/news/review-vee-tire-cos-gravity-lineup.html,https://www.pinkbike.com/news/review-vee-tire-cos-gravity-lineup.html,,existing_review_links_csv
Review: Velocio's Trail Access Hardshell Jacket is Breathable & Understated,https://www.pinkbike.com/news/review-velocio-trail-access-hardshell-jacket.html,https://www.pinkbike.com/news/review-velocio-trail-access-hardshell-jacket.html,,existing_review_links_csv
Review: Vessel Bike Project Enduro - Custom Geo and a High-Pivot Steel Frame,https://www.pinkbike.com/news/review-vessel-bike-project-enduro.html,https://www.pinkbike.com/news/review-vessel-bike-project-enduro.html,,existing_review_links_csv
Review: Virginia Tech's Top 10 Safest MTB Helmets Ridden & Rated,https://www.pinkbike.com/news/review-virginia-techs-top-10-mtb-helmets.html,https://www.pinkbike.com/news/review-virginia-techs-top-10-mtb-helmets.html,,existing_review_links_csv
Review: Vittoria Mazza Enduro Race Tires - A Compound Too Far?,https://www.pinkbike.com/news/review-vittoria-mazza-enduro-race-tires-a-compound-too-far.html,https://www.pinkbike.com/news/review-vittoria-mazza-enduro-race-tires-a-compound-too-far.html,,existing_review_links_csv
Review: Vivo Enduro Derailleur & F3 Shifter,https://www.pinkbike.com/news/review-vivo-enduro-derailleur-and-f3-shifter.html,https://www.pinkbike.com/news/review-vivo-enduro-derailleur-and-f3-shifter.html,,existing_review_links_csv
Review: Vorsprung Telum Coil Shock - Canadian Made & Custom Tuned,https://www.pinkbike.com/news/review-vorsprung-telum-coil-shock.html,https://www.pinkbike.com/news/review-vorsprung-telum-coil-shock.html,,existing_review_links_csv
Review: WRP Zero Drag Hub Internal Kit,https://www.pinkbike.com/news/review-wrp-zero-drag-hub-internal-kit.html,https://www.pinkbike.com/news/review-wrp-zero-drag-hub-internal-kit.html,,existing_review_links_csv
Review: WTB's Revised Tough Casing Tires,https://www.pinkbike.com/news/review-wtbs-revised-tough-casing-tires.html,https://www.pinkbike.com/news/review-wtbs-revised-tough-casing-tires.html,,existing_review_links_csv
Review: We Are One Arrival 170 - An Enduro Race Bike That Can Climb,https://www.pinkbike.com/news/review-we-are-one-arrival-170.html,https://www.pinkbike.com/news/review-we-are-one-arrival-170.html,,existing_review_links_csv
Review: Whyte Elyte 150 Works - 'One of the Best Handling E-Bikes',https://www.pinkbike.com/news/review-whyte-e-lyte-150-works-one-of-the-best-handling-e-bikes.html,https://www.pinkbike.com/news/review-whyte-e-lyte-150-works-one-of-the-best-handling-e-bikes.html,,existing_review_links_csv
Review: Wolf Tooth Components Ripsaw Aluminum Flat Pedals,https://www.pinkbike.com/news/review-wolf-tooth-components-ripsaw-aluminum-flat-pedals.html,https://www.pinkbike.com/news/review-wolf-tooth-components-ripsaw-aluminum-flat-pedals.html,,existing_review_links_csv
Review: XFusion's New Vengeance 38 Fork,https://www.pinkbike.com/news/review-x-fusion-vengeance-38.html,https://www.pinkbike.com/news/review-x-fusion-vengeance-38.html,,existing_review_links_csv
"Review: YT Decoy SN MX Core 4 CF – Less Power, More Handling",https://www.pinkbike.com/news/review-yt-decoy-sn-mx-core-4-cf--less-power-more-handling.html,https://www.pinkbike.com/news/review-yt-decoy-sn-mx-core-4-cf--less-power-more-handling.html,,existing_review_links_csv
Review: Yeti MTe - A Mid-Power Contender with TQ's New HPR60 Motor,https://www.pinkbike.com/news/review-the-yeti-mte-is-powered-by-the-new-tq-hpr-60.html,https://www.pinkbike.com/news/review-the-yeti-mte-is-powered-by-the-new-tq-hpr-60.html,,existing_review_links_csv
Review: Yeti's Back in the XC Game With the 2024 ASR,https://www.pinkbike.com/news/review-2024-yeti-asr-back-in-the-XC-game.html,https://www.pinkbike.com/news/review-2024-yeti-asr-back-in-the-XC-game.html,,existing_review_links_csv
Review: Yoshimura's New Chilao SS Flat Pedals,https://www.pinkbike.com/news/review-yoshimura-chilao-ss-pedals.html,https://www.pinkbike.com/news/review-yoshimura-chilao-ss-pedals.html,,existing_review_links_csv
"Review: Zerode G3 - A Belt Driven, Gearbox Equipped DH Bike",https://www.pinkbike.com/news/review-zerode-g3-this-downhill-bike-ditches-the-derailleur.html,https://www.pinkbike.com/news/review-zerode-g3-this-downhill-bike-ditches-the-derailleur.html,,existing_review_links_csv
Review: Zoceli Narum - A Czech-Made Steel Trail Bike,https://www.pinkbike.com/news/review-zoceli-narum-czech-made-steel-trail-bike.html,https://www.pinkbike.com/news/review-zoceli-narum-czech-made-steel-trail-bike.html,,existing_review_links_csv
Review: iXS Trigger X 3/4 Shell Helmet,https://www.pinkbike.com/news/review-ixs-trigger-x-helmet.html,https://www.pinkbike.com/news/review-ixs-trigger-x-helmet.html,,existing_review_links_csv
Reviewed: 6 of the Best Lightweight Elbow Pads for 2024,https://www.pinkbike.com/news/review-6-best-light-mtb-elbow-pads-ridden-rated.html,https://www.pinkbike.com/news/review-6-best-light-mtb-elbow-pads-ridden-rated.html,,existing_review_links_csv
SRAM Maven Brake Review: The Current Benchmark for Accessible Power,https://www.pinkbike.com/news/big-brake-test-sram-maven.html,https://www.pinkbike.com/news/big-brake-test-sram-maven.html,,existing_review_links_csv
Scott Gambler RC Review: A Race-Ready DH Bike That's Easy to Live With,https://www.pinkbike.com/news/review-scott-gambler-rc-race-ready-dh-bike.html,https://www.pinkbike.com/news/review-scott-gambler-rc-race-ready-dh-bike.html,,existing_review_links_csv
"Shimano XT Di2 Review: Great Shifting, But Where’s the Clutch?",https://www.pinkbike.com/news/review-shimano-xt-di2-drivetrain.html,https://www.pinkbike.com/news/review-shimano-xt-di2-drivetrain.html,,existing_review_links_csv
Staff Rides: Seb Stott’s Pivot Firebird,https://www.pinkbike.com/news/staff-rides-seb-stotts-pivot-firebird-long-term-review.html,https://www.pinkbike.com/news/staff-rides-seb-stotts-pivot-firebird-long-term-review.html,,existing_review_links_csv
Submit a Story,https://www.pinkbike.com/news/pinkbike-content-submission-guide.html,https://www.pinkbike.com/news/pinkbike-content-submission-guide.html,,existing_review_links_csv
TRP EVO Pro Brake Review: The 'Set and Forget' Favorite Now Has More Adjustability,https://www.pinkbike.com/news/review-trp-evo-pro-big-brake-test.html,https://www.pinkbike.com/news/review-trp-evo-pro-big-brake-test.html,,existing_review_links_csv
The Crankbrothers Stamp EVO is a Comically Large Flat Pedal,https://www.pinkbike.com/news/the-crankbrothers-stamp-evo-is-a-comically-large-flat-pedal.html,https://www.pinkbike.com/news/the-crankbrothers-stamp-evo-is-a-comically-large-flat-pedal.html,,existing_review_links_csv
"The Good, The Bad & The Ugly: Pinkbike Tech Editors' Preferred Handlebars",https://www.pinkbike.com/news/the-good-the-bad-and-the-ugly-pinkbike-tech-editors-preferred-handlebar.html,https://www.pinkbike.com/news/the-good-the-bad-and-the-ugly-pinkbike-tech-editors-preferred-handlebar.html,,existing_review_links_csv
"The Good, The Bad, and The Ugly: What Fenders Pinkbike's Editors Actually Use",https://www.pinkbike.com/news/the-good-the-bad-and-the-ugly-what-fenders-we-actually-use.html,https://www.pinkbike.com/news/the-good-the-bad-and-the-ugly-what-fenders-we-actually-use.html,,existing_review_links_csv
"The Good, the Bad, and the Ugly: What Grips Pinkbike Editors Actually Use",https://www.pinkbike.com/news/the-good-the-bad-and-the-ugly-what-grips-pinkbike-editors-actually-use.html,https://www.pinkbike.com/news/the-good-the-bad-and-the-ugly-what-grips-pinkbike-editors-actually-use.html,,existing_review_links_csv
The New Orbea Rallon RS Almost Isn't An eMTB. Is That What Riders Want?,https://www.pinkbike.com/news/review-new-2026-orbea-rallon-rs-almost-isnt-an-emtb-is-that-what-riders-want.html,https://www.pinkbike.com/news/review-new-2026-orbea-rallon-rs-almost-isnt-an-emtb-is-that-what-riders-want.html,,existing_review_links_csv
Trek Fuel EX+ Review: The Mid-Power eMTB That’ll Make Most Riders Happy,https://www.pinkbike.com/news/review-trek-fuel-neutral-silent-tq-2026.html,https://www.pinkbike.com/news/review-trek-fuel-neutral-silent-tq-2026.html,,existing_review_links_csv
Value Field Test: Giant Stance - A Great Leap Forward,https://www.pinkbike.com/news/value-field-test-giant-stance-a-giant-leap-forward.html,https://www.pinkbike.com/news/value-field-test-giant-stance-a-giant-leap-forward.html,,existing_review_links_csv
"Video - Pinkbike Awards Winners: Bike, Innovations & More",https://www.pinkbike.com/news/video-pinkbike-awards-winners-bike-innovations-and-more.html,https://www.pinkbike.com/news/video-pinkbike-awards-winners-bike-innovations-and-more.html,,existing_review_links_csv
Video: Do You Really Need DH Casing Tires?,https://www.pinkbike.com/news/video-do-you-really-need-dh-casing-tires.html,https://www.pinkbike.com/news/video-do-you-really-need-dh-casing-tires.html,,existing_review_links_csv
Video: Scott Ransom vs Orbea Rallon - Which Lightweight Enduro Bike Is Best?,https://www.pinkbike.com/news/video-scott-ransom-vs-orbea-rallon-which-lightweight-enduro-bike-is-best.html,https://www.pinkbike.com/news/video-scott-ransom-vs-orbea-rallon-which-lightweight-enduro-bike-is-best.html,,existing_review_links_csv
Video: Specialized Epic 8 vs Pinarello Dogma XC - World Cup & Olympic Medal Winning Bikes Compared,https://www.pinkbike.com/news/video-specialized-epic-8-vs-pinarello-dogma-xc-two-bikes-that-could-win-the-olympic-games.html,https://www.pinkbike.com/news/video-specialized-epic-8-vs-pinarello-dogma-xc-two-bikes-that-could-win-the-olympic-games.html,,existing_review_links_csv
Video: Welcome to Pinkbike's 2024 Value MTB Field Test,https://www.pinkbike.com/news/video-welcome-to-the-2024-value-field-test.html,https://www.pinkbike.com/news/video-welcome-to-the-2024-value-field-test.html,,existing_review_links_csv
Video: Welcome to the 2025 Trail Bike Field Test,https://www.pinkbike.com/news/video-welcome-to-the-2024-trail-bike-field-test.html,https://www.pinkbike.com/news/video-welcome-to-the-2024-trail-bike-field-test.html,,existing_review_links_csv
WTB Develops New 750d Wheel Size,https://www.pinkbike.com/news/wtb-develops-new-750d-wheel-size.html,https://www.pinkbike.com/news/wtb-develops-new-750d-wheel-size.html,,existing_review_links_csv
